user_id,username,login_date,game_genre,device,session_duration,score,in_game_purchase
1,user_1,2024-04-12,Strategy,Console,160,56.1,2.04
2,user_2,2024-06-28,Strategy,Mobile,196,65.8,2.51
3,user_3,2024-04-02,Action,Mobile,100,69.4,3.77
4,user_4,2024-01-15,Sports,Mobile,107,70.2,0.88
5,user_5,2024-04-16,Casual,Console,129,94.2,4.24
6,user_6,2024-03-12,Strategy,Console,55,83.4,8.18
7,user_7,2024-01-21,Action,PC,47,58.3,7.14
8,user_8,2024-04-12,Casual,PC,151,78.7,0.84
9,user_9,2024-05-01,Sports,Console,109,82.5,0.81
10,user_10,2024-03-15,Strategy,Console,81,92.1,1.56
11,user_11,2024-03-28,Casual,Console,199,98.7,2.24
12,user_12,2024-04-26,Casual,Console,44,59.8,2.63
13,user_13,2024-04-09,Casual,PC,156,62.8,5.69
14,user_14,2024-04-13,Strategy,Console,39,56.1,0.29
15,user_15,2024-05-31,Strategy,PC,87,71.5,0.18
16,user_16,2024-05-10,RPG,Console,93,82.0,2.49
17,user_17,2024-05-29,Sports,Console,122,89.8,5.97
18,user_18,2024-02-22,Action,Console,34,73.9,1.07
19,user_19,2024-01-02,Casual,PC,177,70.2,5.13
20,user_20,2024-03-28,RPG,PC,97,77.3,1.5
21,user_21,2024-06-06,Action,Mobile,23,62.5,10.86
22,user_22,2024-02-07,RPG,Console,163,100.0,11.3
23,user_23,2024-05-09,Strategy,Mobile,111,50.9,1.76
24,user_24,2024-01-21,Casual,Mobile,224,77.8,1.31
25,user_25,2024-06-09,Action,PC,159,100.0,2.65
26,user_26,2024-02-27,Action,PC,185,75.1,1.38
27,user_27,2024-01-22,Action,Mobile,92,72.1,5.58
28,user_28,2024-03-29,Action,Console,119,69.6,8.75
29,user_29,2024-02-18,Action,PC,188,72.3,5.59
30,user_30,2024-02-28,RPG,Console,140,95.6,8.7
31,user_31,2024-06-18,Casual,Console,179,41.8,2.53
32,user_32,2024-01-15,Strategy,Mobile,28,98.0,0.85
33,user_33,2024-06-23,Strategy,Mobile,210,53.6,6.7
34,user_34,2024-02-20,Strategy,Mobile,37,71.0,2.24
35,user_35,2024-04-17,Strategy,Mobile,221,68.6,5.56
36,user_36,2024-02-24,RPG,PC,182,83.8,1.58
37,user_37,2024-03-04,Sports,PC,80,51.0,0.42
38,user_38,2024-05-10,Casual,Mobile,215,81.9,24.52
39,user_39,2024-02-20,Action,PC,72,100.0,0.85
40,user_40,2024-05-14,Sports,Mobile,82,54.6,22.29
41,user_41,2024-01-21,Strategy,Console,133,77.8,18.92
42,user_42,2024-03-13,Sports,Console,128,65.1,7.89
43,user_43,2024-06-15,Casual,Console,130,81.4,5.39
44,user_44,2024-01-18,Action,Mobile,28,75.3,4.31
45,user_45,2024-05-11,Action,Console,184,65.4,10.05
46,user_46,2024-03-29,Casual,PC,151,82.3,1.71
47,user_47,2024-02-29,Casual,Console,129,100.0,3.15
48,user_48,2024-01-14,Strategy,Console,175,72.1,4.83
49,user_49,2024-01-09,Action,Console,190,85.8,2.65
50,user_50,2024-03-30,Sports,PC,70,55.6,2.79
51,user_51,2024-02-22,RPG,Mobile,173,60.7,2.0
52,user_52,2024-05-09,RPG,PC,177,82.1,4.15
53,user_53,2024-03-24,Casual,Mobile,218,97.3,9.5
54,user_54,2024-04-01,Strategy,Mobile,39,80.3,1.13
55,user_55,2024-04-20,RPG,Console,18,70.3,13.62
56,user_56,2024-06-20,Action,Mobile,73,75.0,5.84
57,user_57,2024-01-08,Casual,PC,170,56.2,8.67
58,user_58,2024-06-23,Sports,PC,129,84.1,4.06
59,user_59,2024-02-04,Casual,Mobile,61,88.2,7.56
60,user_60,2024-03-21,Sports,Console,98,68.2,0.08
61,user_61,2024-06-12,Casual,Console,151,67.9,8.53
62,user_62,2024-02-19,Casual,PC,212,79.0,0.2
63,user_63,2024-04-13,Casual,Console,62,68.4,11.03
64,user_64,2024-05-11,Sports,Mobile,236,74.0,24.12
65,user_65,2024-01-02,Sports,Mobile,196,100.0,1.74
66,user_66,2024-05-13,Casual,PC,87,71.3,1.18
67,user_67,2024-02-23,RPG,Mobile,231,69.6,7.25
68,user_68,2024-04-15,Strategy,PC,50,65.3,1.46
69,user_69,2024-01-04,Strategy,Mobile,205,86.2,10.03
70,user_70,2024-02-23,Strategy,PC,77,72.3,0.54
71,user_71,2024-05-25,Sports,Console,229,65.3,0.67
72,user_72,2024-02-13,Sports,Mobile,17,94.8,19.35
73,user_73,2024-06-10,RPG,Mobile,11,96.3,5.6
74,user_74,2024-01-14,Strategy,PC,114,66.0,9.38
75,user_75,2024-04-04,Strategy,PC,134,47.0,1.96
76,user_76,2024-02-17,Casual,Mobile,119,90.1,5.64
77,user_77,2024-01-15,Sports,PC,95,64.7,4.51
78,user_78,2024-02-09,Strategy,Mobile,178,86.9,4.62
79,user_79,2024-03-22,RPG,Console,129,45.4,5.74
80,user_80,2024-04-20,RPG,PC,136,88.4,4.28
81,user_81,2024-02-22,Strategy,Mobile,192,56.8,2.8
82,user_82,2024-01-24,Sports,Console,25,86.0,1.61
83,user_83,2024-06-02,RPG,Console,230,75.2,7.32
84,user_84,2024-05-03,Casual,Mobile,71,60.7,1.28
85,user_85,2024-02-10,RPG,PC,122,68.9,5.89
86,user_86,2024-06-05,Action,Mobile,185,85.3,1.33
87,user_87,2024-01-15,Action,Console,167,76.6,4.91
88,user_88,2024-02-14,Sports,Mobile,21,83.8,6.87
89,user_89,2024-03-05,Strategy,PC,44,100.0,1.23
90,user_90,2024-03-29,Sports,Console,20,51.5,0.31
91,user_91,2024-03-11,Sports,Mobile,73,99.3,0.7
92,user_92,2024-01-09,Sports,PC,59,76.6,4.66
93,user_93,2024-03-28,Sports,Console,222,61.5,9.47
94,user_94,2024-05-08,Casual,PC,158,55.0,0.23
95,user_95,2024-05-15,Casual,Console,78,72.2,6.62
96,user_96,2024-03-03,RPG,Mobile,57,88.8,2.09
97,user_97,2024-05-18,Action,PC,29,73.1,3.26
98,user_98,2024-03-21,Sports,Console,110,97.7,13.22
99,user_99,2024-05-15,RPG,PC,204,53.2,2.02
100,user_100,2024-06-11,Action,PC,181,74.8,3.13
101,user_101,2024-06-11,Strategy,Mobile,170,56.2,0.07
102,user_102,2024-02-02,Casual,PC,210,80.5,0.43
103,user_103,2024-05-02,Action,Console,198,88.3,1.5
104,user_104,2024-01-05,Strategy,Console,146,68.7,0.14
105,user_105,2024-02-10,Action,Console,77,35.9,4.99
106,user_106,2024-01-28,Casual,Console,44,78.0,2.78
107,user_107,2024-05-14,Casual,Mobile,218,81.6,3.97
108,user_108,2024-03-12,RPG,PC,235,81.1,0.96
109,user_109,2024-01-12,Sports,Mobile,225,93.5,1.75
110,user_110,2024-06-10,Action,PC,233,58.9,5.45
111,user_111,2024-02-02,Action,PC,74,85.2,16.81
112,user_112,2024-02-17,Strategy,PC,17,92.9,0.26
113,user_113,2024-05-30,Casual,Mobile,54,48.3,11.05
114,user_114,2024-03-02,Action,PC,96,79.8,4.3
115,user_115,2024-02-06,Casual,Mobile,184,67.4,4.15
116,user_116,2024-04-08,Action,Console,177,73.8,3.47
117,user_117,2024-06-20,RPG,Console,85,80.2,0.36
118,user_118,2024-04-13,Sports,PC,191,67.7,0.47
119,user_119,2024-02-04,Action,Mobile,85,64.9,4.59
120,user_120,2024-04-10,Casual,Console,183,75.5,2.08
121,user_121,2024-06-23,RPG,Mobile,56,58.7,12.46
122,user_122,2024-05-10,Action,Mobile,24,58.7,2.61
123,user_123,2024-01-01,Strategy,PC,114,85.2,0.77
124,user_124,2024-01-05,Sports,Console,156,57.8,6.27
125,user_125,2024-05-21,Action,PC,35,85.0,1.74
126,user_126,2024-04-12,RPG,PC,61,81.9,3.73
127,user_127,2024-01-27,Strategy,Console,102,49.1,5.98
128,user_128,2024-05-16,RPG,Console,159,64.8,11.53
129,user_129,2024-01-15,RPG,Mobile,30,92.9,7.86
130,user_130,2024-03-30,Strategy,Console,60,60.3,5.64
131,user_131,2024-02-11,RPG,Mobile,47,68.0,5.69
132,user_132,2024-05-03,Strategy,Mobile,29,81.9,14.59
133,user_133,2024-06-27,Action,Mobile,166,86.8,1.75
134,user_134,2024-03-03,Strategy,Console,188,71.2,0.01
135,user_135,2024-04-05,Strategy,PC,141,66.0,1.59
136,user_136,2024-02-21,Sports,Mobile,64,96.3,1.23
137,user_137,2024-04-05,Strategy,PC,208,100.0,5.42
138,user_138,2024-05-11,Strategy,PC,101,89.7,5.02
139,user_139,2024-05-30,Action,Console,37,76.3,4.5
140,user_140,2024-05-22,Sports,PC,13,62.9,0.08
141,user_141,2024-06-19,Casual,PC,159,62.5,6.52
142,user_142,2024-01-29,Action,Console,85,82.8,1.95
143,user_143,2024-02-05,Action,Mobile,182,81.3,5.47
144,user_144,2024-01-13,Casual,PC,76,96.0,4.07
145,user_145,2024-06-08,Strategy,Console,95,84.8,2.1
146,user_146,2024-03-11,RPG,PC,203,52.5,0.72
147,user_147,2024-03-26,Sports,PC,225,90.8,0.5
148,user_148,2024-01-28,RPG,Mobile,171,60.0,8.9
149,user_149,2024-03-06,Casual,PC,100,69.2,12.53
150,user_150,2024-06-18,Action,Console,192,78.8,5.25
151,user_151,2024-02-14,Action,PC,114,100.0,0.55
152,user_152,2024-03-02,Sports,Mobile,10,100.0,2.57
153,user_153,2024-05-13,Action,Mobile,81,84.1,6.53
154,user_154,2024-01-28,Action,Console,96,72.3,7.57
155,user_155,2024-01-28,Sports,Mobile,175,83.0,0.63
156,user_156,2024-04-17,Sports,PC,15,88.3,0.0
157,user_157,2024-02-13,Casual,Mobile,223,70.2,6.23
158,user_158,2024-03-24,Action,Console,162,100.0,2.2
159,user_159,2024-01-30,Action,Mobile,219,78.5,1.47
160,user_160,2024-03-15,Casual,Mobile,154,82.5,0.06
161,user_161,2024-05-07,Strategy,Mobile,70,85.0,3.89
162,user_162,2024-04-01,Strategy,Console,21,81.3,9.52
163,user_163,2024-05-08,Strategy,Mobile,15,87.6,15.81
164,user_164,2024-04-30,Casual,Mobile,227,65.7,4.17
165,user_165,2024-01-27,Action,PC,36,66.6,3.61
166,user_166,2024-04-30,Casual,Console,145,58.5,0.44
167,user_167,2024-04-25,Casual,Mobile,220,81.6,3.98
168,user_168,2024-01-03,Strategy,Console,133,86.7,2.39
169,user_169,2024-04-12,RPG,Mobile,115,81.9,4.67
170,user_170,2024-06-03,Action,Mobile,202,100.0,2.46
171,user_171,2024-05-16,Strategy,Mobile,194,74.9,1.37
172,user_172,2024-03-02,RPG,PC,102,85.0,0.5
173,user_173,2024-06-13,RPG,PC,118,58.6,1.89
174,user_174,2024-02-20,Sports,PC,108,69.2,0.51
175,user_175,2024-06-20,Action,Console,177,85.4,0.97
176,user_176,2024-05-31,RPG,Console,151,87.7,21.85
177,user_177,2024-02-28,Strategy,PC,44,70.6,2.94
178,user_178,2024-04-27,Sports,Console,185,73.9,3.8
179,user_179,2024-06-08,Action,Mobile,93,52.2,10.34
180,user_180,2024-04-05,Casual,Mobile,65,69.6,27.1
181,user_181,2024-06-28,Strategy,Mobile,186,88.4,4.37
182,user_182,2024-04-22,RPG,PC,150,83.6,8.37
183,user_183,2024-03-02,RPG,Console,198,82.5,1.98
184,user_184,2024-02-21,Strategy,PC,239,75.7,1.82
185,user_185,2024-01-12,RPG,Console,58,75.1,2.58
186,user_186,2024-02-08,Sports,Mobile,55,65.1,5.58
187,user_187,2024-05-09,Action,PC,122,85.5,5.73
188,user_188,2024-05-10,Sports,Console,199,81.3,1.89
189,user_189,2024-04-22,RPG,Console,145,82.4,0.71
190,user_190,2024-04-10,Casual,Mobile,52,67.1,5.0
191,user_191,2024-04-22,Action,PC,157,42.7,0.69
192,user_192,2024-03-21,Action,PC,133,91.5,4.32
193,user_193,2024-04-22,Strategy,PC,106,67.8,5.91
194,user_194,2024-01-02,Strategy,Mobile,99,62.1,6.03
195,user_195,2024-05-09,Casual,PC,48,85.4,7.0
196,user_196,2024-02-23,Action,Mobile,94,69.1,10.31
197,user_197,2024-03-27,Casual,Mobile,186,90.9,3.47
198,user_198,2024-05-08,Strategy,Mobile,201,84.3,6.55
199,user_199,2024-05-26,Strategy,Console,71,85.3,4.83
200,user_200,2024-05-05,Action,PC,115,54.5,1.03
201,user_201,2024-05-09,Sports,PC,116,93.2,0.13
202,user_202,2024-02-22,RPG,Mobile,63,78.9,1.67
203,user_203,2024-06-20,Strategy,Mobile,135,69.5,2.93
204,user_204,2024-06-08,Strategy,PC,18,77.2,4.8
205,user_205,2024-06-08,Sports,Mobile,97,48.4,9.48
206,user_206,2024-03-08,Sports,PC,46,81.1,1.09
207,user_207,2024-05-02,Casual,Console,58,59.6,0.67
208,user_208,2024-05-24,Casual,Mobile,50,54.7,16.55
209,user_209,2024-02-07,RPG,PC,26,52.2,0.57
210,user_210,2024-01-24,RPG,Mobile,97,91.7,3.26
211,user_211,2024-03-09,Action,PC,30,65.6,4.4
212,user_212,2024-04-25,Casual,PC,60,98.0,3.9
213,user_213,2024-04-07,Strategy,Mobile,68,67.0,0.45
214,user_214,2024-05-18,Casual,Console,176,49.4,0.29
215,user_215,2024-05-23,Strategy,PC,192,58.3,0.56
216,user_216,2024-04-06,Sports,PC,50,93.5,4.4
217,user_217,2024-05-03,Casual,PC,48,72.7,3.93
218,user_218,2024-03-10,Sports,Console,150,66.8,1.33
219,user_219,2024-04-02,RPG,Console,201,77.4,5.08
220,user_220,2024-01-03,RPG,Mobile,20,82.5,8.58
221,user_221,2024-05-27,Action,Console,156,91.8,0.21
222,user_222,2024-06-12,Casual,Mobile,148,96.7,3.45
223,user_223,2024-05-26,Sports,Mobile,86,69.6,5.84
224,user_224,2024-03-30,Strategy,Console,136,55.1,1.45
225,user_225,2024-05-26,RPG,Mobile,55,68.8,1.84
226,user_226,2024-05-27,RPG,Console,54,78.9,4.75
227,user_227,2024-04-05,Strategy,Mobile,10,60.5,11.41
228,user_228,2024-02-21,Sports,Console,177,60.6,8.3
229,user_229,2024-06-09,Sports,Console,117,80.2,4.37
230,user_230,2024-06-16,Casual,Mobile,28,74.3,6.55
231,user_231,2024-05-07,Casual,PC,85,75.5,2.27
232,user_232,2024-02-08,Action,Mobile,81,63.6,5.12
233,user_233,2024-03-22,RPG,Console,209,71.5,3.14
234,user_234,2024-04-13,Casual,PC,198,61.1,1.05
235,user_235,2024-05-08,Sports,Mobile,118,88.4,6.05
236,user_236,2024-01-11,Strategy,Mobile,21,90.5,4.06
237,user_237,2024-06-26,Sports,Mobile,198,47.3,2.22
238,user_238,2024-05-30,RPG,PC,170,61.1,12.11
239,user_239,2024-06-07,Sports,Console,54,52.6,0.11
240,user_240,2024-02-11,Action,Mobile,99,65.2,1.9
241,user_241,2024-04-08,RPG,Mobile,112,73.7,0.29
242,user_242,2024-01-07,Strategy,Mobile,229,53.3,7.27
243,user_243,2024-05-23,Action,Mobile,206,61.2,6.06
244,user_244,2024-03-30,RPG,Mobile,17,59.9,2.01
245,user_245,2024-04-21,Strategy,Console,162,78.1,5.63
246,user_246,2024-02-29,Action,Console,100,76.0,2.52
247,user_247,2024-04-22,Action,Mobile,183,64.2,7.06
248,user_248,2024-01-02,RPG,PC,96,77.7,3.03
249,user_249,2024-05-08,Casual,Console,167,66.8,2.66
250,user_250,2024-02-17,Action,PC,184,70.9,13.65
251,user_251,2024-05-19,Action,Console,224,100.0,1.44
252,user_252,2024-02-06,Strategy,Mobile,186,95.1,0.64
253,user_253,2024-06-08,Sports,Console,184,55.5,4.39
254,user_254,2024-01-09,RPG,Mobile,93,87.4,17.42
255,user_255,2024-04-08,RPG,Console,91,87.2,2.37
256,user_256,2024-05-26,Casual,Mobile,155,57.8,0.32
257,user_257,2024-02-17,Casual,Mobile,203,87.3,2.07
258,user_258,2024-05-10,RPG,Mobile,77,98.1,3.53
259,user_259,2024-05-27,Casual,Mobile,231,58.2,0.88
260,user_260,2024-05-31,Strategy,PC,170,61.2,5.37
261,user_261,2024-02-23,RPG,Mobile,136,90.3,30.48
262,user_262,2024-04-29,Casual,PC,173,79.1,3.01
263,user_263,2024-06-09,RPG,PC,91,83.3,2.19
264,user_264,2024-05-31,Sports,Mobile,238,80.1,2.56
265,user_265,2024-04-25,Action,PC,156,80.9,0.61
266,user_266,2024-03-15,RPG,Console,165,55.1,10.74
267,user_267,2024-04-22,Action,Mobile,177,90.7,2.68
268,user_268,2024-06-12,Casual,PC,93,92.5,2.45
269,user_269,2024-06-14,Action,Mobile,122,71.6,5.39
270,user_270,2024-04-13,RPG,Mobile,234,74.3,2.92
271,user_271,2024-03-24,Sports,Mobile,85,52.0,5.22
272,user_272,2024-04-21,Casual,PC,131,82.7,0.32
273,user_273,2024-04-08,RPG,Console,152,83.6,8.4
274,user_274,2024-06-01,Casual,Console,50,74.1,14.11
275,user_275,2024-04-02,Strategy,PC,176,91.9,5.23
276,user_276,2024-05-25,Action,Mobile,11,70.0,15.46
277,user_277,2024-05-07,Strategy,PC,200,83.5,0.82
278,user_278,2024-04-19,RPG,PC,38,59.7,3.24
279,user_279,2024-03-22,Sports,PC,114,74.6,4.6
280,user_280,2024-02-23,Casual,Mobile,211,72.4,4.36
281,user_281,2024-06-11,Action,PC,203,78.4,2.57
282,user_282,2024-06-17,Casual,Mobile,60,69.5,2.06
283,user_283,2024-06-09,RPG,PC,84,73.0,0.68
284,user_284,2024-03-08,Casual,Console,214,87.4,2.49
285,user_285,2024-02-02,Action,PC,19,68.4,0.89
286,user_286,2024-05-21,RPG,PC,151,50.9,6.63
287,user_287,2024-01-21,Casual,Console,219,100.0,1.17
288,user_288,2024-02-17,Sports,Mobile,60,95.7,0.3
289,user_289,2024-05-27,RPG,Mobile,127,55.6,4.02
290,user_290,2024-05-07,RPG,PC,210,85.3,4.52
291,user_291,2024-05-15,Sports,Console,130,67.5,10.28
292,user_292,2024-05-14,Strategy,Mobile,48,79.0,4.3
293,user_293,2024-05-24,Action,PC,37,79.4,2.12
294,user_294,2024-05-07,Strategy,Console,12,71.5,8.12
295,user_295,2024-02-02,Casual,Mobile,93,63.2,3.89
296,user_296,2024-06-24,Sports,Mobile,207,64.6,0.41
297,user_297,2024-04-24,Strategy,Console,164,61.3,4.17
298,user_298,2024-04-28,RPG,Console,126,62.5,11.93
299,user_299,2024-01-22,Casual,Console,11,74.0,2.52
300,user_300,2024-06-06,Casual,Console,102,64.3,1.76
301,user_301,2024-02-07,Strategy,PC,175,85.2,0.77
302,user_302,2024-04-18,Strategy,Console,140,97.3,0.82
303,user_303,2024-02-20,Sports,Mobile,153,66.3,2.83
304,user_304,2024-01-08,Action,Mobile,103,78.6,4.53
305,user_305,2024-01-27,Strategy,PC,49,82.5,0.42
306,user_306,2024-01-27,Strategy,Mobile,11,82.1,14.03
307,user_307,2024-01-21,RPG,Mobile,90,76.1,7.04
308,user_308,2024-01-30,Casual,Console,178,86.1,4.42
309,user_309,2024-04-06,Action,Mobile,21,82.2,8.81
310,user_310,2024-01-28,RPG,PC,172,56.4,0.42
311,user_311,2024-04-20,Sports,Console,74,88.0,3.24
312,user_312,2024-03-01,Sports,Console,64,88.3,4.97
313,user_313,2024-02-17,Strategy,PC,54,63.6,8.82
314,user_314,2024-05-26,Strategy,Console,216,75.6,7.65
315,user_315,2024-01-04,Sports,Console,227,85.2,1.62
316,user_316,2024-02-04,Strategy,PC,110,71.9,14.14
317,user_317,2024-02-18,Action,Console,222,91.1,0.66
318,user_318,2024-01-17,Strategy,PC,71,100.0,10.4
319,user_319,2024-06-20,Casual,PC,58,63.2,17.69
320,user_320,2024-06-06,Strategy,Mobile,136,54.3,0.97
321,user_321,2024-02-15,RPG,Mobile,232,79.6,6.4
322,user_322,2024-04-26,Action,Console,162,85.8,0.21
323,user_323,2024-01-06,RPG,Console,32,71.5,2.6
324,user_324,2024-04-08,RPG,PC,161,96.8,3.63
325,user_325,2024-05-03,Casual,Console,47,54.9,4.35
326,user_326,2024-02-06,Action,PC,37,85.4,13.74
327,user_327,2024-01-24,Action,PC,30,65.9,5.58
328,user_328,2024-04-02,Action,Console,191,100.0,3.28
329,user_329,2024-02-15,Action,PC,116,100.0,8.3
330,user_330,2024-04-04,Action,Mobile,155,63.5,15.03
331,user_331,2024-04-08,Casual,Console,173,66.8,0.11
332,user_332,2024-04-25,Strategy,Mobile,108,87.9,20.23
333,user_333,2024-06-08,RPG,Console,182,69.2,0.45
334,user_334,2024-06-09,Action,PC,128,74.3,8.42
335,user_335,2024-03-07,Strategy,Console,82,75.4,1.64
336,user_336,2024-05-07,Strategy,Mobile,190,46.2,0.71
337,user_337,2024-01-18,RPG,PC,239,74.8,2.9
338,user_338,2024-01-25,Casual,Console,131,64.7,5.16
339,user_339,2024-02-23,Sports,Console,39,67.6,2.4
340,user_340,2024-02-27,Sports,Console,197,96.7,0.28
341,user_341,2024-03-07,Strategy,Mobile,117,56.2,4.57
342,user_342,2024-04-13,RPG,Mobile,107,87.2,11.63
343,user_343,2024-06-22,Sports,Console,41,70.8,2.42
344,user_344,2024-01-24,Strategy,PC,204,70.8,1.22
345,user_345,2024-04-23,Casual,PC,204,86.9,2.92
346,user_346,2024-02-01,Sports,Mobile,165,80.1,0.25
347,user_347,2024-06-23,Strategy,PC,181,83.6,8.59
348,user_348,2024-03-26,Strategy,Mobile,88,89.5,8.75
349,user_349,2024-05-30,Action,Console,50,70.0,4.43
350,user_350,2024-05-06,Casual,Mobile,72,65.8,2.18
351,user_351,2024-06-03,Action,Mobile,32,58.7,8.04
352,user_352,2024-05-09,RPG,Console,113,62.6,4.04
353,user_353,2024-01-17,Action,PC,84,100.0,8.74
354,user_354,2024-04-13,Action,Mobile,57,93.7,4.99
355,user_355,2024-06-09,Sports,Mobile,169,54.7,7.67
356,user_356,2024-05-16,Strategy,Console,66,55.2,4.56
357,user_357,2024-02-12,Casual,PC,127,82.2,2.67
358,user_358,2024-06-24,Action,Mobile,109,83.2,15.84
359,user_359,2024-02-08,Casual,Console,133,83.2,3.89
360,user_360,2024-06-18,Action,Mobile,170,71.2,4.65
361,user_361,2024-01-26,RPG,Console,161,73.1,1.25
362,user_362,2024-04-08,Action,PC,176,79.9,4.91
363,user_363,2024-02-19,Sports,PC,43,76.3,4.24
364,user_364,2024-06-01,Strategy,PC,193,41.7,1.02
365,user_365,2024-05-31,RPG,PC,165,71.6,0.31
366,user_366,2024-01-13,Action,Mobile,174,62.2,4.64
367,user_367,2024-02-29,Casual,Mobile,16,77.6,7.21
368,user_368,2024-05-14,RPG,PC,205,100.0,3.71
369,user_369,2024-02-26,RPG,PC,174,80.5,1.29
370,user_370,2024-02-05,Action,PC,65,70.3,5.49
371,user_371,2024-06-21,RPG,Mobile,74,88.8,0.42
372,user_372,2024-01-20,Casual,PC,202,82.2,2.92
373,user_373,2024-03-05,RPG,PC,56,81.3,0.89
374,user_374,2024-01-08,Casual,PC,157,84.1,1.02
375,user_375,2024-05-23,Action,Console,28,100.0,1.13
376,user_376,2024-05-21,Strategy,PC,166,58.0,2.44
377,user_377,2024-04-24,RPG,Console,211,82.1,0.26
378,user_378,2024-05-22,Strategy,Console,197,61.1,2.54
379,user_379,2024-04-01,Casual,PC,155,83.3,3.58
380,user_380,2024-04-07,RPG,Console,229,61.2,3.3
381,user_381,2024-03-06,Sports,PC,172,68.7,2.41
382,user_382,2024-02-01,Strategy,Mobile,180,70.6,9.14
383,user_383,2024-03-26,RPG,Mobile,232,89.6,0.79
384,user_384,2024-02-20,Strategy,Mobile,228,88.8,3.52
385,user_385,2024-06-01,RPG,Mobile,135,56.3,0.32
386,user_386,2024-03-03,Action,Console,148,75.8,0.37
387,user_387,2024-05-04,Strategy,PC,58,64.4,4.27
388,user_388,2024-05-29,Sports,PC,122,56.1,4.17
389,user_389,2024-02-27,Sports,PC,47,71.7,10.52
390,user_390,2024-02-27,Casual,Mobile,73,70.4,4.08
391,user_391,2024-03-26,RPG,Mobile,78,100.0,16.07
392,user_392,2024-02-18,Strategy,PC,145,81.5,0.25
393,user_393,2024-06-28,Casual,Mobile,171,54.3,0.52
394,user_394,2024-06-18,Strategy,PC,185,66.5,0.23
395,user_395,2024-03-10,RPG,PC,125,90.3,1.02
396,user_396,2024-01-15,Sports,PC,193,100.0,3.9
397,user_397,2024-02-23,Action,PC,213,51.2,5.19
398,user_398,2024-04-10,Sports,PC,239,46.8,0.23
399,user_399,2024-01-08,Casual,PC,74,100.0,14.59
400,user_400,2024-02-22,Action,PC,40,80.8,9.23
401,user_401,2024-02-29,Casual,Mobile,141,62.0,1.76
402,user_402,2024-04-17,RPG,PC,122,83.0,0.4
403,user_403,2024-01-05,Action,PC,118,35.5,0.93
404,user_404,2024-04-12,Casual,Mobile,187,75.1,0.68
405,user_405,2024-01-06,RPG,Mobile,78,79.9,0.66
406,user_406,2024-04-18,Sports,Mobile,167,88.9,3.65
407,user_407,2024-04-25,RPG,PC,129,59.8,1.41
408,user_408,2024-04-03,Strategy,Console,97,76.3,2.22
409,user_409,2024-02-16,RPG,Console,196,61.1,22.78
410,user_410,2024-04-08,RPG,Mobile,76,78.8,5.77
411,user_411,2024-02-24,Strategy,Console,84,61.6,14.88
412,user_412,2024-06-16,Casual,Mobile,54,68.9,0.77
413,user_413,2024-02-21,Casual,PC,13,60.1,2.41
414,user_414,2024-05-23,RPG,Console,163,84.8,4.05
415,user_415,2024-01-13,Strategy,PC,164,87.9,0.4
416,user_416,2024-04-23,Strategy,Console,183,71.5,0.02
417,user_417,2024-05-03,Sports,PC,116,75.6,5.55
418,user_418,2024-04-15,Casual,Console,201,53.3,5.13
419,user_419,2024-06-06,Action,PC,228,70.5,2.64
420,user_420,2024-05-26,Casual,PC,60,74.2,3.36
421,user_421,2024-05-24,Casual,Console,59,100.0,2.68
422,user_422,2024-04-29,Sports,PC,15,58.3,0.12
423,user_423,2024-03-03,Action,PC,68,97.0,2.04
424,user_424,2024-01-19,Sports,PC,134,90.0,0.97
425,user_425,2024-04-01,Action,Console,152,79.2,0.52
426,user_426,2024-02-27,RPG,Console,39,100.0,15.7
427,user_427,2024-03-30,Action,PC,179,80.6,4.57
428,user_428,2024-04-26,Sports,PC,238,80.8,6.52
429,user_429,2024-03-02,Casual,Console,131,74.2,1.89
430,user_430,2024-01-23,Action,Console,134,93.4,2.5
431,user_431,2024-05-06,Action,PC,46,91.4,1.35
432,user_432,2024-05-16,Strategy,PC,179,65.6,0.51
433,user_433,2024-05-19,Casual,PC,133,55.2,0.99
434,user_434,2024-05-08,RPG,Mobile,110,72.0,7.99
435,user_435,2024-02-27,Sports,Console,44,63.0,5.66
436,user_436,2024-05-01,RPG,Mobile,96,74.0,3.96
437,user_437,2024-01-01,Casual,Console,143,93.6,3.22
438,user_438,2024-02-03,Action,Console,205,68.1,12.78
439,user_439,2024-04-05,Action,Console,27,74.4,0.38
440,user_440,2024-05-05,Casual,Console,210,75.9,1.65
441,user_441,2024-04-27,Action,Console,122,87.7,2.15
442,user_442,2024-02-17,Action,Console,38,41.3,7.63
443,user_443,2024-03-29,Action,Console,86,65.9,24.47
444,user_444,2024-04-26,Sports,Mobile,68,78.2,1.38
445,user_445,2024-05-08,Sports,PC,184,93.0,10.37
446,user_446,2024-01-16,Strategy,PC,135,67.6,8.88
447,user_447,2024-03-09,RPG,Mobile,154,46.9,1.27
448,user_448,2024-01-22,Casual,Mobile,118,84.3,2.55
449,user_449,2024-04-02,Casual,Mobile,233,65.5,2.64
450,user_450,2024-03-16,Casual,Mobile,31,57.2,19.13
451,user_451,2024-06-02,Strategy,Console,77,65.6,1.0
452,user_452,2024-05-23,Sports,PC,78,72.2,8.03
453,user_453,2024-06-27,Strategy,Console,174,65.9,2.03
454,user_454,2024-03-26,Casual,PC,58,41.9,6.56
455,user_455,2024-01-29,RPG,PC,150,88.5,2.72
456,user_456,2024-03-09,Action,Mobile,171,94.1,4.32
457,user_457,2024-02-16,Sports,Console,118,84.8,8.94
458,user_458,2024-04-03,Sports,Mobile,95,57.9,8.15
459,user_459,2024-05-23,Strategy,Console,62,72.0,10.07
460,user_460,2024-06-24,Sports,PC,132,74.9,0.31
461,user_461,2024-03-25,Casual,Mobile,96,84.0,5.89
462,user_462,2024-02-08,Casual,Mobile,188,85.0,0.75
463,user_463,2024-04-09,Strategy,PC,140,64.0,2.69
464,user_464,2024-02-02,Casual,PC,51,76.2,3.98
465,user_465,2024-04-10,RPG,PC,107,81.9,2.58
466,user_466,2024-01-23,Strategy,Mobile,169,96.8,3.67
467,user_467,2024-01-10,RPG,Console,118,85.6,28.31
468,user_468,2024-03-09,Action,Mobile,60,86.8,0.73
469,user_469,2024-04-09,RPG,Console,94,76.3,5.63
470,user_470,2024-02-03,Action,Mobile,183,96.2,2.52
471,user_471,2024-06-28,Action,Mobile,136,81.1,0.71
472,user_472,2024-05-17,RPG,PC,30,62.1,0.86
473,user_473,2024-05-26,Strategy,Console,53,96.1,14.91
474,user_474,2024-04-05,Casual,Mobile,148,85.5,10.58
475,user_475,2024-01-01,Casual,Mobile,112,68.4,11.88
476,user_476,2024-03-09,Action,PC,77,67.8,23.86
477,user_477,2024-01-04,Action,PC,138,79.4,1.17
478,user_478,2024-01-16,Strategy,Console,101,81.9,2.2
479,user_479,2024-01-24,Sports,Mobile,200,78.0,5.53
480,user_480,2024-03-20,RPG,Console,33,79.7,3.31
481,user_481,2024-01-02,Action,Mobile,134,100.0,2.71
482,user_482,2024-05-07,Casual,Console,236,91.1,2.21
483,user_483,2024-06-08,Strategy,PC,150,77.9,4.5
484,user_484,2024-03-24,RPG,Mobile,120,89.1,4.29
485,user_485,2024-05-31,Strategy,Console,107,59.5,0.88
486,user_486,2024-05-19,RPG,PC,148,81.0,3.19
487,user_487,2024-06-26,RPG,PC,237,100.0,4.03
488,user_488,2024-06-11,Action,Console,188,71.7,4.22
489,user_489,2024-05-03,Strategy,Mobile,26,62.3,1.18
490,user_490,2024-02-02,Strategy,Mobile,108,65.2,6.78
491,user_491,2024-06-09,Casual,PC,91,58.7,0.13
492,user_492,2024-06-27,Casual,Mobile,113,63.2,2.19
493,user_493,2024-06-19,Action,Mobile,223,69.4,7.58
494,user_494,2024-04-10,Action,Mobile,161,53.9,4.15
495,user_495,2024-01-12,Sports,PC,28,75.2,1.51
496,user_496,2024-03-07,Casual,Console,174,88.5,5.94
497,user_497,2024-03-05,RPG,Mobile,94,61.4,4.19
498,user_498,2024-06-09,Strategy,PC,17,97.8,7.95
499,user_499,2024-06-16,Action,PC,37,82.7,6.64
500,user_500,2024-03-14,Strategy,Console,14,90.5,4.71
501,user_501,2024-02-12,Strategy,Mobile,154,65.1,3.35
502,user_502,2024-02-13,Sports,Mobile,110,87.8,0.71
503,user_503,2024-01-29,Casual,Console,173,58.6,1.51
504,user_504,2024-05-20,Action,Console,127,88.4,2.72
505,user_505,2024-01-12,Strategy,PC,156,77.6,4.57
506,user_506,2024-04-04,Action,PC,73,83.3,3.6
507,user_507,2024-02-15,RPG,Console,100,57.4,1.7
508,user_508,2024-05-09,Sports,Mobile,126,61.6,0.03
509,user_509,2024-02-04,RPG,PC,107,84.0,3.43
510,user_510,2024-03-21,Action,PC,20,60.8,1.68
511,user_511,2024-03-30,Action,Mobile,63,81.9,6.63
512,user_512,2024-01-08,Casual,PC,182,54.5,0.12
513,user_513,2024-04-02,Strategy,Mobile,56,87.7,4.4
514,user_514,2024-06-02,Strategy,Mobile,149,56.5,14.19
515,user_515,2024-03-30,RPG,Mobile,158,83.3,0.96
516,user_516,2024-06-10,Sports,Console,148,84.4,3.19
517,user_517,2024-04-24,Strategy,Console,229,64.5,0.48
518,user_518,2024-04-14,Casual,Console,14,83.7,4.91
519,user_519,2024-05-14,RPG,Mobile,218,78.9,4.0
520,user_520,2024-02-27,RPG,Mobile,193,66.9,2.62
521,user_521,2024-04-23,Casual,Console,29,59.9,3.68
522,user_522,2024-03-15,Sports,PC,178,45.6,11.34
523,user_523,2024-06-05,Casual,Mobile,55,80.2,1.09
524,user_524,2024-04-29,Sports,PC,21,51.5,0.11
525,user_525,2024-06-12,Casual,PC,79,76.4,9.89
526,user_526,2024-01-21,Casual,Mobile,26,71.0,4.3
527,user_527,2024-06-12,Action,Mobile,124,85.2,11.07
528,user_528,2024-05-17,RPG,PC,156,70.5,4.54
529,user_529,2024-04-10,Casual,PC,163,70.1,8.31
530,user_530,2024-05-31,Casual,Console,57,86.0,2.81
531,user_531,2024-06-25,Strategy,Console,117,80.0,6.93
532,user_532,2024-04-08,RPG,Mobile,61,79.7,12.21
533,user_533,2024-02-05,Strategy,Console,105,82.0,4.24
534,user_534,2024-04-05,RPG,Console,79,52.0,1.0
535,user_535,2024-05-31,Strategy,Console,192,86.4,1.57
536,user_536,2024-05-30,Casual,Console,237,84.2,1.11
537,user_537,2024-02-06,Casual,PC,111,59.7,1.42
538,user_538,2024-01-12,Action,Mobile,84,71.3,1.83
539,user_539,2024-04-22,Strategy,Console,170,74.4,4.05
540,user_540,2024-01-13,Sports,PC,199,73.0,4.43
541,user_541,2024-01-23,Action,PC,225,80.0,2.78
542,user_542,2024-04-08,Strategy,PC,160,96.5,4.78
543,user_543,2024-04-14,Strategy,Console,152,91.2,0.43
544,user_544,2024-01-30,Action,Console,164,55.3,0.46
545,user_545,2024-01-17,Casual,Mobile,212,84.3,0.94
546,user_546,2024-04-22,Strategy,Console,201,94.9,3.65
547,user_547,2024-03-02,Casual,Console,218,80.8,1.2
548,user_548,2024-03-24,Action,PC,188,91.4,1.67
549,user_549,2024-04-21,Casual,Mobile,190,100.0,2.56
550,user_550,2024-03-26,RPG,Console,215,90.4,8.35
551,user_551,2024-05-20,Sports,Console,228,78.7,0.07
552,user_552,2024-01-19,Strategy,PC,91,90.7,5.24
553,user_553,2024-06-25,Sports,PC,101,77.2,5.53
554,user_554,2024-04-09,Casual,Console,188,75.4,8.01
555,user_555,2024-05-19,Strategy,Mobile,184,69.7,13.5
556,user_556,2024-05-26,Casual,Mobile,13,98.5,0.1
557,user_557,2024-03-16,RPG,PC,144,62.7,0.83
558,user_558,2024-01-09,Action,PC,118,98.0,10.87
559,user_559,2024-01-28,Strategy,Console,172,82.5,3.07
560,user_560,2024-05-07,RPG,PC,57,54.0,4.16
561,user_561,2024-02-21,RPG,Console,82,80.5,5.44
562,user_562,2024-03-23,Strategy,Mobile,81,43.5,5.68
563,user_563,2024-04-20,Casual,Mobile,125,84.4,13.42
564,user_564,2024-05-23,RPG,Console,182,88.3,28.96
565,user_565,2024-04-26,Sports,PC,90,66.1,6.37
566,user_566,2024-03-09,RPG,Mobile,90,76.9,1.69
567,user_567,2024-04-08,Casual,PC,122,100.0,10.59
568,user_568,2024-05-19,Casual,Mobile,234,67.4,0.25
569,user_569,2024-01-25,Sports,Console,105,59.1,1.31
570,user_570,2024-06-28,RPG,Console,81,97.2,11.38
571,user_571,2024-05-02,Casual,Console,156,100.0,1.48
572,user_572,2024-02-22,Strategy,Mobile,72,75.1,1.25
573,user_573,2024-05-30,Action,PC,47,90.2,0.74
574,user_574,2024-05-23,Action,PC,76,95.1,9.8
575,user_575,2024-02-26,Action,PC,196,63.9,3.47
576,user_576,2024-02-08,RPG,Mobile,78,67.7,5.62
577,user_577,2024-04-18,Sports,Mobile,22,93.5,1.37
578,user_578,2024-02-11,Casual,Mobile,184,100.0,7.09
579,user_579,2024-06-15,Strategy,Mobile,198,83.4,7.14
580,user_580,2024-05-21,Strategy,Mobile,40,61.8,1.87
581,user_581,2024-05-01,RPG,PC,217,100.0,2.64
582,user_582,2024-05-12,Action,Mobile,123,67.0,1.18
583,user_583,2024-06-11,RPG,Mobile,233,70.0,18.77
584,user_584,2024-03-15,Sports,PC,31,80.1,5.19
585,user_585,2024-05-25,Sports,Mobile,102,98.3,13.63
586,user_586,2024-03-16,Casual,PC,223,87.8,1.81
587,user_587,2024-01-09,Casual,PC,180,81.2,7.61
588,user_588,2024-03-14,Sports,Console,76,81.9,7.26
589,user_589,2024-05-24,Sports,Console,63,75.7,5.88
590,user_590,2024-01-07,Sports,Console,147,83.4,16.85
591,user_591,2024-06-22,RPG,Console,51,37.1,2.5
592,user_592,2024-05-20,Sports,Mobile,73,70.6,0.7
593,user_593,2024-06-16,Strategy,Console,135,78.6,5.57
594,user_594,2024-06-18,Action,PC,30,57.7,6.53
595,user_595,2024-05-16,Sports,Mobile,217,80.8,4.28
596,user_596,2024-06-26,Action,Console,213,71.9,1.16
597,user_597,2024-01-27,RPG,PC,203,100.0,3.51
598,user_598,2024-05-01,Action,Mobile,178,98.6,1.87
599,user_599,2024-01-05,RPG,Mobile,161,68.0,2.79
600,user_600,2024-01-29,Strategy,Console,44,72.7,5.18
601,user_601,2024-06-13,RPG,Mobile,193,73.9,6.84
602,user_602,2024-06-14,RPG,PC,39,68.2,1.32
603,user_603,2024-03-23,Casual,Mobile,66,77.9,2.6
604,user_604,2024-05-15,Sports,PC,231,63.6,1.57
605,user_605,2024-04-18,Sports,Mobile,56,58.0,1.11
606,user_606,2024-03-05,Strategy,Console,172,84.3,7.65
607,user_607,2024-03-26,Strategy,PC,28,84.4,12.0
608,user_608,2024-05-24,Sports,Mobile,123,62.9,2.31
609,user_609,2024-03-11,Casual,Mobile,17,88.4,6.96
610,user_610,2024-02-14,Sports,Mobile,35,65.5,11.36
611,user_611,2024-05-11,Casual,PC,122,78.8,9.36
612,user_612,2024-02-05,Strategy,PC,80,87.3,1.01
613,user_613,2024-03-10,Action,PC,39,74.5,15.65
614,user_614,2024-06-07,Strategy,Console,144,81.8,2.36
615,user_615,2024-01-19,Strategy,Console,76,67.3,2.07
616,user_616,2024-04-17,RPG,PC,74,72.1,0.32
617,user_617,2024-06-15,RPG,Mobile,45,71.9,3.33
618,user_618,2024-03-31,RPG,Console,34,63.8,0.58
619,user_619,2024-03-30,RPG,PC,46,72.3,1.43
620,user_620,2024-01-19,Casual,Mobile,10,51.8,1.91
621,user_621,2024-02-08,Sports,Console,152,67.6,8.27
622,user_622,2024-05-05,Action,Mobile,46,70.7,10.42
623,user_623,2024-06-21,Strategy,Mobile,150,71.2,1.8
624,user_624,2024-05-20,Casual,Mobile,145,71.4,9.78
625,user_625,2024-05-05,Action,Mobile,142,74.1,9.73
626,user_626,2024-02-27,Casual,Console,197,82.2,7.23
627,user_627,2024-05-27,Casual,Console,137,88.1,0.79
628,user_628,2024-03-01,Strategy,Console,210,65.3,5.86
629,user_629,2024-05-06,Sports,PC,136,57.0,14.5
630,user_630,2024-04-14,RPG,Console,10,59.4,5.74
631,user_631,2024-06-15,Sports,Mobile,173,67.7,2.01
632,user_632,2024-01-01,Strategy,Console,44,69.7,3.47
633,user_633,2024-05-10,Strategy,Mobile,203,63.5,5.19
634,user_634,2024-04-01,Strategy,PC,200,55.6,3.57
635,user_635,2024-04-22,Action,Mobile,113,68.2,0.64
636,user_636,2024-06-01,Sports,Mobile,32,77.7,1.87
637,user_637,2024-02-25,Sports,Mobile,18,83.9,8.11
638,user_638,2024-06-09,Casual,PC,43,66.6,9.88
639,user_639,2024-06-14,Casual,Console,183,68.8,0.74
640,user_640,2024-04-26,Casual,Console,215,61.1,15.22
641,user_641,2024-05-13,Strategy,PC,137,74.5,1.99
642,user_642,2024-02-27,Sports,Mobile,13,62.3,5.43
643,user_643,2024-02-13,Strategy,Console,167,83.6,6.97
644,user_644,2024-06-21,Action,PC,232,48.2,8.36
645,user_645,2024-06-08,Casual,Console,111,69.6,14.57
646,user_646,2024-06-21,Strategy,PC,84,79.5,1.88
647,user_647,2024-03-01,Strategy,Mobile,108,77.8,9.78
648,user_648,2024-02-16,Action,Console,81,100.0,0.71
649,user_649,2024-05-28,RPG,PC,12,80.2,6.1
650,user_650,2024-03-20,Sports,Console,151,59.9,6.77
651,user_651,2024-04-27,RPG,Console,197,73.6,5.66
652,user_652,2024-06-12,Casual,Console,214,48.4,1.45
653,user_653,2024-05-26,Strategy,Console,182,73.8,10.32
654,user_654,2024-01-20,Action,PC,233,62.5,0.92
655,user_655,2024-05-25,Action,Mobile,43,88.7,0.28
656,user_656,2024-02-16,Sports,PC,54,66.8,6.32
657,user_657,2024-02-18,RPG,PC,70,73.2,3.23
658,user_658,2024-01-14,Sports,PC,92,65.5,9.46
659,user_659,2024-05-22,Strategy,Mobile,132,100.0,2.42
660,user_660,2024-06-07,Sports,Console,111,70.2,0.92
661,user_661,2024-01-01,Action,Console,25,100.0,9.05
662,user_662,2024-04-26,Action,Console,75,87.2,3.98
663,user_663,2024-02-23,Casual,Mobile,177,82.2,1.05
664,user_664,2024-04-27,Casual,Console,154,80.5,6.37
665,user_665,2024-01-03,Strategy,Mobile,128,80.9,3.58
666,user_666,2024-05-23,RPG,Console,171,46.1,4.64
667,user_667,2024-01-12,Sports,Console,133,70.8,3.09
668,user_668,2024-03-14,Strategy,PC,153,87.7,8.82
669,user_669,2024-01-16,Casual,Mobile,111,74.3,8.85
670,user_670,2024-04-11,Sports,PC,197,53.9,6.18
671,user_671,2024-05-31,Casual,PC,75,74.2,0.56
672,user_672,2024-06-04,Sports,PC,203,100.0,9.13
673,user_673,2024-04-26,RPG,Mobile,227,93.7,5.56
674,user_674,2024-01-08,Strategy,Mobile,22,74.1,5.97
675,user_675,2024-05-01,Sports,Console,193,89.3,2.25
676,user_676,2024-04-01,Action,PC,120,69.5,10.57
677,user_677,2024-06-12,Action,Console,168,49.4,6.46
678,user_678,2024-03-30,Sports,PC,43,61.1,0.6
679,user_679,2024-05-15,Sports,Mobile,48,98.4,2.62
680,user_680,2024-02-29,Sports,Mobile,204,70.9,10.87
681,user_681,2024-06-26,Action,Mobile,145,71.3,0.24
682,user_682,2024-01-28,Action,PC,224,70.5,16.27
683,user_683,2024-04-10,Sports,Mobile,215,100.0,5.68
684,user_684,2024-02-10,Casual,PC,129,99.4,4.99
685,user_685,2024-06-03,Casual,Console,135,100.0,1.58
686,user_686,2024-05-24,RPG,PC,64,72.6,1.43
687,user_687,2024-06-09,Strategy,Console,36,79.4,14.24
688,user_688,2024-06-05,Casual,PC,127,52.3,1.77
689,user_689,2024-05-20,Action,Console,230,97.2,7.47
690,user_690,2024-02-15,Casual,Mobile,62,57.5,2.5
691,user_691,2024-02-04,RPG,Console,48,78.3,0.75
692,user_692,2024-05-13,RPG,Mobile,74,58.5,0.05
693,user_693,2024-03-22,Strategy,Mobile,154,66.2,3.93
694,user_694,2024-04-24,Casual,Console,167,62.4,18.6
695,user_695,2024-02-16,Action,PC,190,65.9,2.3
696,user_696,2024-06-01,Action,PC,22,66.9,2.21
697,user_697,2024-01-10,Sports,PC,30,66.8,2.11
698,user_698,2024-02-25,Action,PC,156,87.5,3.68
699,user_699,2024-01-30,Strategy,PC,62,58.4,2.91
700,user_700,2024-04-18,Strategy,Mobile,28,78.3,10.6
701,user_701,2024-01-05,Action,PC,66,93.3,3.52
702,user_702,2024-04-28,Action,Mobile,34,67.3,3.54
703,user_703,2024-02-02,Sports,Mobile,223,64.2,0.74
704,user_704,2024-04-27,Action,Mobile,40,71.5,20.3
705,user_705,2024-03-05,Sports,Console,90,92.7,1.44
706,user_706,2024-05-25,Sports,Console,192,77.9,0.38
707,user_707,2024-06-25,Action,Mobile,32,67.0,5.44
708,user_708,2024-01-11,RPG,Console,41,82.3,4.52
709,user_709,2024-03-25,RPG,PC,199,58.5,2.68
710,user_710,2024-01-26,Sports,PC,83,85.2,2.74
711,user_711,2024-03-03,Action,Mobile,19,81.1,7.69
712,user_712,2024-03-26,RPG,PC,237,70.4,1.09
713,user_713,2024-02-28,Action,Mobile,209,62.4,8.58
714,user_714,2024-01-27,Action,Mobile,63,61.7,5.23
715,user_715,2024-06-25,Action,PC,61,83.0,2.71
716,user_716,2024-06-09,Casual,Console,157,93.4,3.06
717,user_717,2024-04-07,Action,PC,169,65.4,1.48
718,user_718,2024-04-14,Casual,PC,123,81.9,6.97
719,user_719,2024-04-08,Sports,Mobile,23,43.7,3.6
720,user_720,2024-05-08,RPG,Mobile,187,66.2,1.93
721,user_721,2024-05-28,RPG,Mobile,165,74.5,4.53
722,user_722,2024-02-24,RPG,Mobile,119,61.4,27.29
723,user_723,2024-01-06,RPG,Console,62,61.0,2.86
724,user_724,2024-04-04,RPG,Console,161,65.0,12.67
725,user_725,2024-05-12,RPG,Console,88,79.4,2.12
726,user_726,2024-04-11,RPG,Mobile,31,72.2,0.28
727,user_727,2024-01-03,Sports,Mobile,39,41.4,1.14
728,user_728,2024-01-23,Action,Mobile,200,43.2,2.71
729,user_729,2024-02-22,Strategy,Console,13,65.9,1.24
730,user_730,2024-06-13,Casual,Mobile,214,81.9,0.0
731,user_731,2024-03-23,Strategy,PC,68,33.8,12.33
732,user_732,2024-05-24,Strategy,PC,224,67.5,9.29
733,user_733,2024-03-25,Action,Mobile,17,67.1,6.78
734,user_734,2024-03-18,Action,PC,219,95.8,0.92
735,user_735,2024-04-19,Action,PC,21,69.2,0.64
736,user_736,2024-01-01,RPG,Console,128,80.7,0.35
737,user_737,2024-02-20,Sports,Mobile,168,77.1,6.44
738,user_738,2024-06-21,RPG,Mobile,215,43.0,13.21
739,user_739,2024-01-04,Sports,Console,43,86.5,2.82
740,user_740,2024-04-22,Sports,PC,91,78.2,0.63
741,user_741,2024-02-01,Strategy,PC,107,82.6,3.59
742,user_742,2024-02-03,Strategy,Mobile,136,100.0,2.14
743,user_743,2024-04-01,Sports,PC,84,43.7,2.35
744,user_744,2024-04-04,Sports,Console,114,100.0,4.86
745,user_745,2024-03-12,RPG,Console,213,70.7,6.34
746,user_746,2024-02-08,RPG,Mobile,58,79.3,0.59
747,user_747,2024-06-02,Strategy,Console,88,74.3,0.18
748,user_748,2024-06-10,Action,Console,194,68.6,25.86
749,user_749,2024-04-27,Sports,Mobile,232,66.5,1.32
750,user_750,2024-01-03,RPG,Console,102,79.9,0.28
751,user_751,2024-05-02,Strategy,Console,163,52.2,1.05
752,user_752,2024-02-19,RPG,Console,27,86.3,0.2
753,user_753,2024-01-12,Sports,PC,105,68.8,2.49
754,user_754,2024-02-23,Sports,Mobile,223,58.0,8.11
755,user_755,2024-05-12,Casual,Mobile,47,68.2,2.09
756,user_756,2024-02-26,Action,Mobile,218,93.9,2.94
757,user_757,2024-05-24,Casual,PC,96,67.0,5.63
758,user_758,2024-04-21,Strategy,PC,97,80.4,3.56
759,user_759,2024-02-16,RPG,Mobile,59,64.0,9.88
760,user_760,2024-05-30,Strategy,PC,17,86.4,10.05
761,user_761,2024-03-25,Sports,Mobile,178,85.3,0.05
762,user_762,2024-05-21,Casual,PC,143,100.0,7.53
763,user_763,2024-03-06,Casual,Console,78,72.4,3.09
764,user_764,2024-03-15,Casual,Console,181,85.0,22.48
765,user_765,2024-06-27,Strategy,Mobile,130,76.5,3.3
766,user_766,2024-04-12,Sports,PC,73,94.4,21.67
767,user_767,2024-06-14,RPG,PC,166,64.2,7.02
768,user_768,2024-02-07,RPG,Console,165,86.2,1.43
769,user_769,2024-02-19,Strategy,Console,148,72.1,3.87
770,user_770,2024-04-07,Casual,PC,130,74.0,24.23
771,user_771,2024-03-22,Action,PC,74,76.4,9.74
772,user_772,2024-01-30,Strategy,PC,116,78.8,0.51
773,user_773,2024-03-19,Strategy,PC,156,73.3,6.13
774,user_774,2024-03-31,Sports,PC,146,78.2,2.12
775,user_775,2024-06-27,RPG,PC,164,98.7,0.04
776,user_776,2024-02-21,Strategy,Mobile,171,89.8,2.58
777,user_777,2024-06-14,Strategy,PC,181,88.0,1.34
778,user_778,2024-03-19,Casual,Console,205,68.2,8.54
779,user_779,2024-01-30,Casual,Mobile,109,61.7,2.06
780,user_780,2024-04-15,Action,PC,91,89.3,8.79
781,user_781,2024-02-20,Sports,Console,152,88.1,0.0
782,user_782,2024-03-21,Action,Mobile,60,97.1,1.84
783,user_783,2024-05-12,Casual,Console,150,65.9,1.38
784,user_784,2024-01-29,RPG,PC,92,71.6,1.33
785,user_785,2024-05-11,Casual,PC,186,50.4,0.35
786,user_786,2024-05-17,Sports,PC,207,69.1,1.04
787,user_787,2024-05-24,Casual,PC,121,89.9,4.05
788,user_788,2024-03-14,Sports,Mobile,65,68.0,1.72
789,user_789,2024-01-17,Sports,Mobile,213,84.6,2.7
790,user_790,2024-03-24,Sports,Console,188,72.1,2.36
791,user_791,2024-03-09,Sports,PC,174,79.9,10.43
792,user_792,2024-02-03,Sports,Console,154,57.8,11.79
793,user_793,2024-01-06,RPG,Mobile,195,76.3,3.4
794,user_794,2024-02-22,Action,PC,224,30.1,2.0
795,user_795,2024-05-05,Strategy,PC,227,72.2,0.56
796,user_796,2024-02-12,Action,Mobile,166,50.5,15.33
797,user_797,2024-04-24,Sports,Mobile,170,93.1,0.31
798,user_798,2024-04-20,RPG,Mobile,69,86.7,1.77
799,user_799,2024-05-30,Casual,Mobile,228,82.0,1.77
800,user_800,2024-03-20,RPG,Mobile,226,97.8,1.93
801,user_801,2024-04-04,Sports,PC,129,60.8,0.9
802,user_802,2024-04-27,RPG,Mobile,192,100.0,7.64
803,user_803,2024-05-23,RPG,PC,147,89.0,0.65
804,user_804,2024-01-08,Sports,PC,184,71.5,5.04
805,user_805,2024-05-11,RPG,Mobile,32,92.0,0.66
806,user_806,2024-04-13,Strategy,Mobile,222,58.4,0.37
807,user_807,2024-05-11,Strategy,PC,158,62.6,12.01
808,user_808,2024-01-25,RPG,Mobile,22,65.9,1.05
809,user_809,2024-04-05,Casual,Mobile,110,67.1,8.61
810,user_810,2024-06-03,Sports,Mobile,170,59.2,3.93
811,user_811,2024-04-02,Strategy,Console,33,93.3,0.41
812,user_812,2024-06-08,Casual,PC,117,71.1,15.56
813,user_813,2024-06-26,RPG,Console,20,80.3,1.42
814,user_814,2024-03-01,Casual,Mobile,26,66.4,9.82
815,user_815,2024-05-01,Action,Console,205,47.7,0.92
816,user_816,2024-02-20,Strategy,Mobile,184,79.1,9.62
817,user_817,2024-05-26,RPG,Console,34,46.3,0.07
818,user_818,2024-01-21,Sports,Mobile,103,74.0,3.58
819,user_819,2024-01-05,RPG,Console,210,54.5,7.34
820,user_820,2024-04-01,Sports,Console,30,100.0,13.65
821,user_821,2024-06-18,RPG,Console,93,88.7,12.0
822,user_822,2024-03-01,Casual,PC,220,76.6,8.56
823,user_823,2024-01-22,Casual,Console,220,94.0,10.95
824,user_824,2024-05-28,Casual,PC,149,62.3,1.11
825,user_825,2024-03-10,Action,Mobile,46,83.2,1.67
826,user_826,2024-01-01,Sports,Console,51,78.0,1.71
827,user_827,2024-05-12,Casual,Mobile,154,79.0,2.37
828,user_828,2024-01-12,Action,Mobile,110,94.1,2.5
829,user_829,2024-03-30,Sports,Console,57,86.0,3.93
830,user_830,2024-02-15,RPG,PC,112,79.3,0.87
831,user_831,2024-02-03,Action,Console,37,50.2,5.88
832,user_832,2024-06-25,Strategy,Mobile,50,60.6,0.92
833,user_833,2024-03-18,Action,Mobile,108,73.2,1.86
834,user_834,2024-02-14,Action,Console,56,76.4,3.5
835,user_835,2024-06-03,Sports,PC,155,58.0,7.96
836,user_836,2024-03-13,RPG,PC,215,100.0,6.73
837,user_837,2024-01-26,Strategy,Mobile,236,97.7,5.19
838,user_838,2024-02-16,Casual,Mobile,114,84.0,0.85
839,user_839,2024-04-30,Casual,PC,133,76.1,3.96
840,user_840,2024-02-25,Action,Console,208,71.8,0.46
841,user_841,2024-04-03,Sports,Mobile,22,60.7,2.37
842,user_842,2024-04-16,Sports,PC,219,76.2,2.67
843,user_843,2024-03-03,Casual,Mobile,238,78.9,0.2
844,user_844,2024-02-17,Strategy,Console,150,56.4,1.6
845,user_845,2024-03-01,RPG,PC,109,80.0,15.58
846,user_846,2024-03-21,Strategy,Mobile,40,72.7,15.36
847,user_847,2024-01-26,RPG,Console,139,46.4,2.17
848,user_848,2024-02-05,Casual,Mobile,25,62.1,0.22
849,user_849,2024-01-01,RPG,Console,146,68.8,0.99
850,user_850,2024-01-08,Sports,Console,82,100.0,2.49
851,user_851,2024-04-22,Action,PC,175,83.3,14.76
852,user_852,2024-04-08,Action,Console,212,55.0,0.76
853,user_853,2024-06-28,Casual,Mobile,63,82.3,7.21
854,user_854,2024-02-16,Sports,Console,193,51.8,0.58
855,user_855,2024-05-06,Strategy,Console,223,91.2,19.88
856,user_856,2024-02-25,Sports,PC,234,67.9,2.4
857,user_857,2024-01-14,Action,Console,109,73.6,7.46
858,user_858,2024-01-28,Action,Console,118,94.9,2.1
859,user_859,2024-03-18,Sports,Mobile,96,55.7,4.94
860,user_860,2024-05-09,Sports,PC,182,54.0,1.07
861,user_861,2024-04-18,Action,PC,171,66.2,0.79
862,user_862,2024-06-02,Strategy,PC,146,90.6,13.91
863,user_863,2024-01-14,Casual,Console,225,52.2,12.48
864,user_864,2024-02-25,Casual,PC,17,32.5,10.92
865,user_865,2024-04-24,Sports,Console,16,68.2,4.91
866,user_866,2024-01-07,Casual,Console,45,83.3,8.26
867,user_867,2024-01-03,Action,Mobile,27,93.0,0.36
868,user_868,2024-04-20,Action,Mobile,12,68.1,2.04
869,user_869,2024-05-30,Sports,Mobile,37,68.8,1.88
870,user_870,2024-04-16,Sports,Mobile,79,92.3,5.05
871,user_871,2024-01-18,Sports,Mobile,181,47.0,2.2
872,user_872,2024-02-07,Strategy,Console,158,69.2,0.8
873,user_873,2024-04-24,Casual,Console,37,77.9,4.54
874,user_874,2024-01-15,Sports,PC,63,81.7,8.42
875,user_875,2024-04-28,RPG,Console,191,67.4,2.41
876,user_876,2024-01-28,RPG,Console,74,75.5,0.71
877,user_877,2024-02-08,Action,Mobile,109,37.7,1.1
878,user_878,2024-01-17,Casual,Console,30,65.1,1.36
879,user_879,2024-03-26,Sports,Mobile,236,81.8,1.78
880,user_880,2024-05-05,RPG,PC,22,60.3,5.15
881,user_881,2024-02-13,Casual,PC,66,75.9,4.59
882,user_882,2024-01-25,Action,Console,58,81.7,5.95
883,user_883,2024-05-24,Strategy,PC,127,69.9,2.25
884,user_884,2024-01-13,Casual,Console,63,77.6,8.69
885,user_885,2024-01-25,Casual,PC,147,60.6,1.14
886,user_886,2024-03-08,Strategy,Mobile,62,71.9,3.17
887,user_887,2024-05-17,Casual,Mobile,53,84.2,8.07
888,user_888,2024-03-07,Action,Mobile,56,77.4,0.99
889,user_889,2024-04-18,Action,Mobile,62,66.2,0.58
890,user_890,2024-05-25,Strategy,Console,83,78.4,10.76
891,user_891,2024-04-20,Sports,PC,55,85.7,2.1
892,user_892,2024-04-20,RPG,Console,22,44.3,5.76
893,user_893,2024-02-03,Sports,Mobile,174,92.4,0.13
894,user_894,2024-04-20,Casual,Console,111,70.0,5.86
895,user_895,2024-01-08,RPG,PC,33,81.4,1.9
896,user_896,2024-06-16,Strategy,Console,11,93.0,0.29
897,user_897,2024-04-22,Strategy,PC,223,54.4,4.71
898,user_898,2024-03-23,RPG,Console,90,64.4,1.38
899,user_899,2024-02-11,Action,PC,109,70.7,2.45
900,user_900,2024-06-17,RPG,PC,151,63.2,0.42
901,user_901,2024-04-10,Casual,Mobile,147,100.0,0.8
902,user_902,2024-01-06,Action,PC,172,62.1,1.77
903,user_903,2024-06-28,Strategy,Mobile,162,66.7,0.47
904,user_904,2024-01-26,RPG,Mobile,140,78.1,12.09
905,user_905,2024-03-04,Sports,Mobile,120,57.0,0.03
906,user_906,2024-02-28,Sports,Console,111,69.1,3.31
907,user_907,2024-04-18,Casual,Console,26,79.8,0.66
908,user_908,2024-04-30,Sports,Console,21,70.0,1.84
909,user_909,2024-02-02,RPG,Console,191,73.6,13.02
910,user_910,2024-05-29,RPG,PC,125,67.1,0.88
911,user_911,2024-01-21,Sports,PC,33,52.3,16.88
912,user_912,2024-03-10,RPG,Console,38,79.8,1.15
913,user_913,2024-04-21,Casual,PC,180,100.0,6.77
914,user_914,2024-01-04,Action,PC,162,75.3,3.96
915,user_915,2024-04-03,Casual,Mobile,237,78.4,10.79
916,user_916,2024-03-15,Casual,Mobile,131,85.4,4.04
917,user_917,2024-03-02,RPG,Mobile,197,56.0,3.82
918,user_918,2024-04-03,Action,Mobile,99,100.0,1.09
919,user_919,2024-04-04,RPG,PC,239,78.0,0.91
920,user_920,2024-05-31,Strategy,Console,74,99.5,12.41
921,user_921,2024-02-24,RPG,PC,93,64.0,1.99
922,user_922,2024-05-16,RPG,PC,128,100.0,2.33
923,user_923,2024-05-10,RPG,PC,165,86.6,7.13
924,user_924,2024-01-31,Action,Mobile,25,83.3,2.07
925,user_925,2024-02-09,RPG,Mobile,184,78.5,15.19
926,user_926,2024-02-05,Action,Mobile,218,71.3,6.7
927,user_927,2024-05-31,Sports,Console,113,93.0,4.55
928,user_928,2024-01-06,Strategy,PC,101,77.1,10.64
929,user_929,2024-03-06,Action,Console,195,45.5,0.25
930,user_930,2024-03-15,Sports,Mobile,213,58.2,1.49
931,user_931,2024-01-04,Action,Console,36,72.2,3.13
932,user_932,2024-03-19,Action,PC,190,79.6,1.29
933,user_933,2024-05-13,Strategy,PC,179,74.2,6.81
934,user_934,2024-04-27,Casual,Mobile,196,93.3,12.58
935,user_935,2024-04-22,Casual,Mobile,184,45.7,2.76
936,user_936,2024-04-03,Action,Console,231,77.2,2.09
937,user_937,2024-06-27,RPG,Mobile,171,47.7,16.29
938,user_938,2024-03-02,Sports,Mobile,174,86.4,2.94
939,user_939,2024-03-19,RPG,PC,143,73.6,3.36
940,user_940,2024-05-15,RPG,Mobile,144,81.3,2.17
941,user_941,2024-01-26,Action,Mobile,233,62.0,12.01
942,user_942,2024-06-27,Action,PC,233,94.2,4.21
943,user_943,2024-06-21,Action,PC,162,90.6,7.18
944,user_944,2024-02-13,Action,Console,42,83.8,8.35
945,user_945,2024-05-12,Casual,Mobile,64,73.1,2.09
946,user_946,2024-03-10,Action,PC,195,83.7,2.84
947,user_947,2024-06-02,Casual,Console,16,64.4,9.43
948,user_948,2024-04-27,Casual,Console,66,87.8,2.26
949,user_949,2024-03-08,Action,Mobile,135,99.7,7.9
950,user_950,2024-01-19,Strategy,Mobile,21,91.1,14.15
951,user_951,2024-01-20,Sports,Console,25,64.1,4.88
952,user_952,2024-04-22,RPG,PC,217,80.4,6.77
953,user_953,2024-05-19,Casual,Console,52,55.6,8.18
954,user_954,2024-02-16,Sports,Mobile,126,83.6,9.32
955,user_955,2024-01-01,Strategy,PC,237,81.8,2.51
956,user_956,2024-03-30,RPG,PC,214,47.0,0.26
957,user_957,2024-05-21,RPG,Console,144,57.6,2.57
958,user_958,2024-03-04,Casual,Mobile,237,70.8,5.6
959,user_959,2024-02-07,Action,Console,120,70.5,2.99
960,user_960,2024-02-06,Strategy,Console,60,56.9,6.91
961,user_961,2024-05-05,Casual,Console,210,80.8,2.21
962,user_962,2024-05-18,Strategy,PC,169,78.8,5.04
963,user_963,2024-04-09,Action,PC,84,72.1,1.03
964,user_964,2024-03-17,Action,Mobile,17,63.7,6.92
965,user_965,2024-01-03,Casual,Mobile,234,90.7,3.94
966,user_966,2024-06-09,Action,Console,224,99.8,1.14
967,user_967,2024-05-13,Sports,Console,226,67.7,1.73
968,user_968,2024-06-26,RPG,Console,209,65.8,6.9
969,user_969,2024-01-10,Casual,Mobile,54,82.4,3.29
970,user_970,2024-01-05,Strategy,PC,223,69.6,1.22
971,user_971,2024-05-30,Sports,PC,68,72.9,17.1
972,user_972,2024-05-17,Casual,Console,141,86.1,6.28
973,user_973,2024-06-20,Action,Console,113,46.4,15.75
974,user_974,2024-05-09,Action,Console,204,94.8,2.79
975,user_975,2024-01-13,Action,Console,166,76.1,3.22
976,user_976,2024-06-16,Action,Mobile,166,68.8,11.41
977,user_977,2024-05-09,Strategy,PC,107,73.7,3.72
978,user_978,2024-03-24,Sports,Console,235,74.4,6.14
979,user_979,2024-03-05,RPG,Mobile,165,49.0,1.45
980,user_980,2024-03-03,Strategy,Console,214,97.4,2.96
981,user_981,2024-04-10,Strategy,Console,88,75.6,0.66
982,user_982,2024-03-13,RPG,PC,133,81.6,1.15
983,user_983,2024-01-17,RPG,Console,224,89.3,0.0
984,user_984,2024-01-09,Action,PC,181,59.7,0.2
985,user_985,2024-05-22,Strategy,PC,227,82.1,18.92
986,user_986,2024-05-31,Casual,PC,13,71.0,1.39
987,user_987,2024-02-07,RPG,Mobile,99,87.7,5.44
988,user_988,2024-06-11,RPG,Mobile,113,43.1,9.13
989,user_989,2024-04-03,Sports,PC,146,73.5,4.0
990,user_990,2024-04-04,Casual,Console,128,66.0,0.83
991,user_991,2024-02-18,Casual,PC,142,81.5,6.51
992,user_992,2024-03-09,RPG,Console,65,82.1,4.58
993,user_993,2024-03-02,Action,PC,105,64.4,6.57
994,user_994,2024-06-26,Sports,Console,221,64.3,7.34
995,user_995,2024-03-18,Casual,Mobile,187,73.3,18.53
996,user_996,2024-04-26,RPG,Console,84,61.6,4.26
997,user_997,2024-04-29,Casual,PC,152,87.6,2.09
998,user_998,2024-05-16,Sports,Mobile,41,69.5,5.23
999,user_999,2024-06-10,Sports,Console,37,31.4,0.35
1000,user_1000,2024-03-16,Strategy,Console,31,69.4,11.38
